{"cameraMode":{"drawMode":0,"name":"Shaded","section":"Shading Mode"},"sceneLighting":true,"audioPlay":false,"sceneViewState":{"showFog":false,"showMaterialUpdate":true,"showSkybox":true,"showFlares":true,"showImageEffects":true,"showParticleSystems":true},"in2DMode":false,"pivot":{"x":-0.0009454637765884399,"y":-0.30405688285827639,"z":0.09523177146911621},"rotation":{"x":-0.5174630284309387,"y":-0.07628850638866425,"z":0.0463864803314209,"w":-0.8510359525680542},"size":16.98698616027832,"orthographic":false}